{"cameraMode":{"drawMode":0,"name":"Shaded","section":"Shading Mode"},"sceneLighting":true,"audioPlay":false,"sceneViewState":{"showFog":true,"showMaterialUpdate":false,"showSkybox":true,"showFlares":true,"showImageEffects":true,"showParticleSystems":true},"in2DMode":false,"pivot":{"x":174.6511688232422,"y":-133.1107940673828,"z":232.05166625976563},"rotation":{"x":0.2069169282913208,"y":0.31619971990585329,"z":-0.07087617367506027,"w":0.923141360282898},"size":165.55758666992188,"orthographic":false}